{
  "num_records": 1048576,
  "tests": {
    "chi_square": {
      "test": "chi_square_uniformity",
      "statistic": 275.3583984375,
      "p_value": 0.18196875933372647,
      "dof": 255,
      "pass": true,
      "expected_mean": 4096.0,
      "observed_range": [
        3901,
        4350
      ]
    },
    "rank_test": {
      "test": "rank_test_sliding_window",
      "mean_rank": 8.0,
      "expected_rank": 8.0,
      "std_rank": 0.0,
      "num_windows": 100,
      "p_value": 1.0,
      "pass": true
    },
    "collision_rate": {
      "test": "collision_rate",
      "observed_rate": 0.0,
      "expected_rate": 0.0,
      "unique_values": 1048576,
      "total_values": 1048576,
      "collisions": 0,
      "p_value": 1.0,
      "pass": true
    },
    "serial_correlation": {
      "test": "serial_correlation",
      "lag_1_correlation": -0.00011230161201354024,
      "max_correlation": 0.0018962541336336627,
      "correlations": [
        -0.00011230161201354024,
        -0.00038144406969892544,
        0.0012462786365861147,
        0.0018794500168900642,
        0.0003622212063965069,
        -0.001049622173013483,
        -0.0005906369218301229,
        0.00028063881133603876,
        -0.0018962541336336627,
        -0.0018483534442715823
      ],
      "threshold": 0.1,
      "pass": true
    },
    "differential_bias": {
      "test": "differential_bias",
      "max_bias": 0.00112152099609375,
      "mean_bias": 0.00038060545921325684,
      "biased_bits": [],
      "num_biased_bits": 0,
      "pass": true
    },
    "small_modulus_lattice": {
      "test": "small_modulus_lattice",
      "collision_rate_m1": 0.9375009536743164,
      "expected_rate_m1": 1.0,
      "collision_rate_m2": 0.00011539459228515625,
      "expected_rate_m2": 1.0,
      "autocorr_m1": 0.0006945958009451328,
      "autocorr_m2": -0.0016706386863546724,
      "pass": true
    }
  },
  "overall_pass": true
}