{
  "num_records": 1048576,
  "tests": {
    "chi_square": {
      "test": "chi_square_uniformity",
      "statistic": 256.5556640625,
      "p_value": 0.4608639287248615,
      "dof": 255,
      "pass": true,
      "expected_mean": 4096.0,
      "observed_range": [
        3896,
        4289
      ]
    },
    "rank_test": {
      "test": "rank_test_sliding_window",
      "mean_rank": 8.0,
      "expected_rank": 8.0,
      "std_rank": 0.0,
      "num_windows": 100,
      "p_value": 1.0,
      "pass": true
    },
    "collision_rate": {
      "test": "collision_rate",
      "observed_rate": 0.00013828277587890625,
      "expected_rate": 0.0,
      "unique_values": 1048431,
      "total_values": 1048576,
      "collisions": 145,
      "p_value": 0.0,
      "pass": false
    },
    "serial_correlation": {
      "test": "serial_correlation",
      "lag_1_correlation": 0.000254163933189197,
      "max_correlation": 0.001634607263073317,
      "correlations": [
        0.000254163933189197,
        -0.0003124070143784502,
        -0.0014017640537485512,
        -0.001634607263073317,
        0.0013236855720720744,
        2.5645214307266804e-05,
        0.0009386437541965476,
        -4.312866423932964e-05,
        -0.00033434238449963147,
        -0.0005094155360331078
      ],
      "threshold": 0.1,
      "pass": true
    },
    "differential_bias": {
      "test": "differential_bias",
      "max_bias": 0.0013685226440429688,
      "mean_bias": 0.0003477632999420166,
      "biased_bits": [
        12
      ],
      "num_biased_bits": 1,
      "pass": false
    },
    "small_modulus_lattice": {
      "test": "small_modulus_lattice",
      "collision_rate_m1": 0.9375009536743164,
      "expected_rate_m1": 1.0,
      "collision_rate_m2": 0.00025653839111328125,
      "expected_rate_m2": 1.0,
      "autocorr_m1": 0.0009206405379049216,
      "autocorr_m2": 0.00042842263125978026,
      "pass": true
    }
  },
  "overall_pass": false
}