{
  "num_records": 1048576,
  "tests": {
    "chi_square": {
      "test": "chi_square_uniformity",
      "statistic": 269.18701171875,
      "p_value": 0.25903708615764565,
      "dof": 255,
      "pass": true,
      "expected_mean": 4096.0,
      "observed_range": [
        3927,
        4273
      ]
    },
    "rank_test": {
      "test": "rank_test_sliding_window",
      "mean_rank": 8.0,
      "expected_rank": 8.0,
      "std_rank": 0.0,
      "num_windows": 100,
      "p_value": 1.0,
      "pass": true
    },
    "collision_rate": {
      "test": "collision_rate",
      "observed_rate": 0.0,
      "expected_rate": 0.0,
      "unique_values": 1048576,
      "total_values": 1048576,
      "collisions": 0,
      "p_value": 1.0,
      "pass": true
    },
    "serial_correlation": {
      "test": "serial_correlation",
      "lag_1_correlation": 0.00043340117119637205,
      "max_correlation": 0.0016364858441980706,
      "correlations": [
        0.00043340117119637205,
        0.00033985565307361934,
        -0.0004184508566302684,
        -0.0004058564622175257,
        -0.0007326326706257182,
        0.0006125295608544042,
        -0.0004985967985081233,
        0.0001550314690071105,
        0.0003915838561778537,
        -0.0016364858441980706
      ],
      "threshold": 0.1,
      "pass": true
    },
    "differential_bias": {
      "test": "differential_bias",
      "max_bias": 0.0013532638549804688,
      "mean_bias": 0.0003686249256134033,
      "biased_bits": [
        51
      ],
      "num_biased_bits": 1,
      "pass": false
    },
    "small_modulus_lattice": {
      "test": "small_modulus_lattice",
      "collision_rate_m1": 0.9375009536743164,
      "expected_rate_m1": 1.0,
      "collision_rate_m2": 0.00011444091796875,
      "expected_rate_m2": 1.0,
      "autocorr_m1": 0.00019461916592583691,
      "autocorr_m2": 0.0006280729299191797,
      "pass": true
    }
  },
  "overall_pass": false
}