{
  "num_records": 1048576,
  "tests": {
    "chi_square": {
      "test": "chi_square_uniformity",
      "statistic": 254.3671875,
      "p_value": 0.49940656074404033,
      "dof": 255,
      "pass": true,
      "expected_mean": 4096.0,
      "observed_range": [
        3940,
        4285
      ]
    },
    "rank_test": {
      "test": "rank_test_sliding_window",
      "mean_rank": 8.0,
      "expected_rank": 8.0,
      "std_rank": 0.0,
      "num_windows": 100,
      "p_value": 1.0,
      "pass": true
    },
    "collision_rate": {
      "test": "collision_rate",
      "observed_rate": 0.0,
      "expected_rate": 0.0,
      "unique_values": 1048576,
      "total_values": 1048576,
      "collisions": 0,
      "p_value": 1.0,
      "pass": true
    },
    "serial_correlation": {
      "test": "serial_correlation",
      "lag_1_correlation": -0.00039831450648383126,
      "max_correlation": 0.0019165598195097747,
      "correlations": [
        -0.00039831450648383126,
        -0.00024300124012439998,
        0.0012748240284768619,
        0.00010494786190458581,
        -0.0005483446119928209,
        -0.0007311680480033946,
        0.0014056480757497292,
        -0.0019165598195097747,
        0.0006177552927181477,
        0.0002395343319553529
      ],
      "threshold": 0.1,
      "pass": true
    },
    "differential_bias": {
      "test": "differential_bias",
      "max_bias": 0.0011844635009765625,
      "mean_bias": 0.0003983229398727417,
      "biased_bits": [],
      "num_biased_bits": 0,
      "pass": true
    },
    "small_modulus_lattice": {
      "test": "small_modulus_lattice",
      "collision_rate_m1": 0.9375009536743164,
      "expected_rate_m1": 1.0,
      "collision_rate_m2": 0.0001239776611328125,
      "expected_rate_m2": 1.0,
      "autocorr_m1": 0.00026898943730837915,
      "autocorr_m2": -0.00021171141285588707,
      "pass": true
    }
  },
  "overall_pass": true
}