{
  "num_records": 1048576,
  "tests": {
    "chi_square": {
      "test": "chi_square_uniformity",
      "statistic": 1178189.0805664062,
      "p_value": 0.0,
      "dof": 255,
      "pass": false,
      "expected_mean": 4096.0,
      "observed_range": [
        0,
        20558
      ]
    },
    "rank_test": {
      "test": "rank_test_sliding_window",
      "mean_rank": 8.0,
      "expected_rank": 8.0,
      "std_rank": 0.0,
      "num_windows": 100,
      "p_value": 1.0,
      "pass": true
    },
    "collision_rate": {
      "test": "collision_rate",
      "observed_rate": 0.9997568130493164,
      "expected_rate": 0.0,
      "unique_values": 255,
      "total_values": 1048576,
      "collisions": 1048321,
      "p_value": 0.0,
      "pass": false
    },
    "serial_correlation": {
      "test": "serial_correlation",
      "lag_1_correlation": 0.0009411907633982145,
      "max_correlation": 0.0017732896268935496,
      "correlations": [
        0.0009411907633982145,
        -0.0009143914993372285,
        6.490028999704648e-05,
        0.000986115566154208,
        0.0017732896268935496,
        0.0008051075650558881,
        4.211184348128723e-05,
        0.0012239924391047941,
        0.00020817571107117588,
        0.0006982881106825383
      ],
      "threshold": 0.1,
      "pass": true
    },
    "differential_bias": {
      "test": "differential_bias",
      "max_bias": 0.09011268615722656,
      "mean_bias": 0.024798497557640076,
      "biased_bits": [
        0,
        1,
        2,
        3,
        4,
        5,
        6,
        7,
        8,
        9,
        10,
        11,
        12,
        13,
        14,
        15,
        16,
        17,
        18,
        19,
        21,
        22,
        23,
        24,
        25,
        26,
        27,
        28,
        29,
        30,
        31,
        32,
        33,
        34,
        35,
        36,
        37,
        38,
        39,
        40,
        41,
        42,
        43,
        44,
        47,
        48,
        49,
        50,
        51,
        52,
        53,
        54,
        55,
        56,
        57,
        58,
        59,
        60,
        61,
        62,
        63
      ],
      "num_biased_bits": 61,
      "pass": false
    },
    "small_modulus_lattice": {
      "test": "small_modulus_lattice",
      "collision_rate_m1": 0.9997568130493164,
      "expected_rate_m1": 1.0,
      "collision_rate_m2": 0.9997568130493164,
      "expected_rate_m2": 1.0,
      "autocorr_m1": 0.0002612454716685703,
      "autocorr_m2": 0.001707965398443217,
      "pass": true
    }
  },
  "overall_pass": false
}