{
  "num_records": 1048576,
  "tests": {
    "chi_square": {
      "test": "chi_square_uniformity",
      "statistic": 255.59130859375,
      "p_value": 0.4777968815570637,
      "dof": 255,
      "pass": true,
      "expected_mean": 4096.0,
      "observed_range": [
        3925,
        4258
      ]
    },
    "rank_test": {
      "test": "rank_test_sliding_window",
      "mean_rank": 8.0,
      "expected_rank": 8.0,
      "std_rank": 0.0,
      "num_windows": 100,
      "p_value": 1.0,
      "pass": true
    },
    "collision_rate": {
      "test": "collision_rate",
      "observed_rate": 0.0,
      "expected_rate": 0.0,
      "unique_values": 1048576,
      "total_values": 1048576,
      "collisions": 0,
      "p_value": 1.0,
      "pass": true
    },
    "serial_correlation": {
      "test": "serial_correlation",
      "lag_1_correlation": 0.0008235391578497594,
      "max_correlation": 0.0022466005140249147,
      "correlations": [
        0.0008235391578497594,
        -0.0007309354859988652,
        -0.0005281777837789327,
        0.0008150914950674733,
        0.0006690920782955363,
        0.0002707153351720102,
        0.0006148022536857571,
        0.0022466005140249147,
        -0.00035064106499143753,
        0.0010391883728768307
      ],
      "threshold": 0.1,
      "pass": true
    },
    "differential_bias": {
      "test": "differential_bias",
      "max_bias": 0.0012054443359375,
      "mean_bias": 0.00040115416049957275,
      "biased_bits": [],
      "num_biased_bits": 0,
      "pass": true
    },
    "small_modulus_lattice": {
      "test": "small_modulus_lattice",
      "collision_rate_m1": 0.9375009536743164,
      "expected_rate_m1": 1.0,
      "collision_rate_m2": 0.0001201629638671875,
      "expected_rate_m2": 1.0,
      "autocorr_m1": -0.00014488430244448587,
      "autocorr_m2": 0.0008943661652287477,
      "pass": true
    }
  },
  "overall_pass": true
}