{
  "num_records": 1048576,
  "tests": {
    "chi_square": {
      "test": "chi_square_uniformity",
      "statistic": 219.03271484375,
      "p_value": 0.949962271191592,
      "dof": 255,
      "pass": true,
      "expected_mean": 4096.0,
      "observed_range": [
        3898,
        4268
      ]
    },
    "rank_test": {
      "test": "rank_test_sliding_window",
      "mean_rank": 8.0,
      "expected_rank": 8.0,
      "std_rank": 0.0,
      "num_windows": 100,
      "p_value": 1.0,
      "pass": true
    },
    "collision_rate": {
      "test": "collision_rate",
      "observed_rate": 0.0,
      "expected_rate": 0.0,
      "unique_values": 1048576,
      "total_values": 1048576,
      "collisions": 0,
      "p_value": 1.0,
      "pass": true
    },
    "serial_correlation": {
      "test": "serial_correlation",
      "lag_1_correlation": -2.739944670729864e-05,
      "max_correlation": 0.001389631440383052,
      "correlations": [
        -2.739944670729864e-05,
        -0.00032227368578237244,
        -6.735613734935246e-05,
        -0.0010343460876580586,
        -0.000179304213491991,
        -0.0012443401041495876,
        -0.0010537085373397452,
        0.00015112578402422095,
        -0.0006613684766639689,
        -0.001389631440383052
      ],
      "threshold": 0.1,
      "pass": true
    },
    "differential_bias": {
      "test": "differential_bias",
      "max_bias": 0.0013208389282226562,
      "mean_bias": 0.000371396541595459,
      "biased_bits": [
        17,
        27
      ],
      "num_biased_bits": 2,
      "pass": false
    },
    "small_modulus_lattice": {
      "test": "small_modulus_lattice",
      "collision_rate_m1": 0.9375009536743164,
      "expected_rate_m1": 1.0,
      "collision_rate_m2": 0.00010776519775390625,
      "expected_rate_m2": 1.0,
      "autocorr_m1": 0.0005726302292511765,
      "autocorr_m2": 0.00044222018651286473,
      "pass": true
    }
  },
  "overall_pass": false
}