{
  "num_records": 1048576,
  "tests": {
    "chi_square": {
      "test": "chi_square_uniformity",
      "statistic": 262.83447265625,
      "p_value": 0.3546199763155248,
      "dof": 255,
      "pass": true,
      "expected_mean": 4096.0,
      "observed_range": [
        3947,
        4310
      ]
    },
    "rank_test": {
      "test": "rank_test_sliding_window",
      "mean_rank": 8.0,
      "expected_rank": 8.0,
      "std_rank": 0.0,
      "num_windows": 100,
      "p_value": 1.0,
      "pass": true
    },
    "collision_rate": {
      "test": "collision_rate",
      "observed_rate": 0.0,
      "expected_rate": 0.0,
      "unique_values": 1048576,
      "total_values": 1048576,
      "collisions": 0,
      "p_value": 1.0,
      "pass": true
    },
    "serial_correlation": {
      "test": "serial_correlation",
      "lag_1_correlation": 0.0014990550630628932,
      "max_correlation": 0.001711383861043468,
      "correlations": [
        0.0014990550630628932,
        0.001711383861043468,
        -0.0009143718745312438,
        0.001135646366671845,
        -0.0015637505907734595,
        -7.680253084682274e-05,
        0.00034481439792070033,
        -0.0005608024378183778,
        -0.0010803111333040447,
        0.00045424544691456133
      ],
      "threshold": 0.1,
      "pass": true
    },
    "differential_bias": {
      "test": "differential_bias",
      "max_bias": 0.0012083053588867188,
      "mean_bias": 0.0002852976322174072,
      "biased_bits": [],
      "num_biased_bits": 0,
      "pass": true
    },
    "small_modulus_lattice": {
      "test": "small_modulus_lattice",
      "collision_rate_m1": 0.9375009536743164,
      "expected_rate_m1": 1.0,
      "collision_rate_m2": 0.000133514404296875,
      "expected_rate_m2": 1.0,
      "autocorr_m1": 0.00034431668401750366,
      "autocorr_m2": -0.0008484073206339461,
      "pass": true
    }
  },
  "overall_pass": true
}